model,run,seed,ROC_AUC,PR_AUC,PR_baseline,Balanced_Accuracy,Precision,Sensitivity,Specificity,F1,MCC,Brier
ElasticNet_Logistic,1,42,0.913336,0.931682,0.593333,0.84546,0.868132,0.88764,0.803279,0.877778,0.694769,0.117608
ElasticNet_Logistic,2,123,0.902376,0.915183,0.593333,0.859274,0.879121,0.898876,0.819672,0.888889,0.722552,0.120897
ElasticNet_Logistic,3,456,0.895561,0.906034,0.593333,0.861853,0.88764,0.88764,0.836066,0.88764,0.723706,0.124591
ElasticNet_Logistic,4,789,0.909191,0.927767,0.593333,0.861853,0.88764,0.88764,0.836066,0.88764,0.723706,0.116452
ElasticNet_Logistic,5,2026,0.89464,0.920175,0.593333,0.853196,0.894118,0.853933,0.852459,0.873563,0.700228,0.126615
SVM_RBF,1,42,0.909099,0.908822,0.593333,0.886904,0.901099,0.921348,0.852459,0.911111,0.778119,0.109783
SVM_RBF,2,123,0.912139,0.917239,0.593333,0.864892,0.880435,0.910112,0.819672,0.895028,0.736117,0.110937
SVM_RBF,3,456,0.905692,0.904338,0.593333,0.862314,0.87234,0.921348,0.803279,0.896175,0.735896,0.116659
SVM_RBF,4,789,0.916559,0.921761,0.593333,0.873089,0.89011,0.910112,0.836066,0.9,0.750336,0.105707
SVM_RBF,5,2026,0.90385,0.916164,0.593333,0.853656,0.877778,0.88764,0.819672,0.882682,0.709209,0.116449
XGBoost,1,42,0.883496,0.899857,0.593333,0.856696,0.870968,0.910112,0.803279,0.89011,0.721953,0.119197
XGBoost,2,123,0.903758,0.891378,0.593333,0.87051,0.88172,0.921348,0.819672,0.901099,0.749914,0.108214
XGBoost,3,456,0.907534,0.896699,0.593333,0.862314,0.87234,0.921348,0.803279,0.896175,0.735896,0.112109
XGBoost,4,789,0.891969,0.88537,0.593333,0.859274,0.879121,0.898876,0.819672,0.888889,0.722552,0.113572
XGBoost,5,2026,0.897219,0.907155,0.593333,0.837263,0.858696,0.88764,0.786885,0.872928,0.680378,0.118508
